White,S,1,2
White,SE,3,4
White,SES,5,6
White,S,1,2
White,SE,3,4
White,SES,5,6
Blue,S,33,34
Blue,SE,35,36
Blue,SES,37,38
Black,S,41,42
Black,SE,43,44
Black,SES,45,46
Blue,S,33,34
Blue,SE,35,36
Blue,SES,37,38
Black,S,41,42
Black,SE,43,44
Black,SES,45,46
Blue,S,33,34
Blue,SE,35,36
Blue,SES,37,38
Black,S,41,42
Black,SE,43,44
Black,SES,45,46
White,S,1,2
White,SE,3,4
White,SES,5,6
Green,S,25,26
Green,SE,27,28
Green,SES,29,30
Blue,S,33,34
Blue,SE,35,36
Blue,SES,37,38
Black,S,41,42
Black,SE,43,44
Black,SES,45,46
White,S,1,2
White,SE,3,4
White,SES,5,6
Green,S,25,26
Green,SE,27,28
Green,SES,29,30
White,S,1,2
White,SE,3,4
White,SES,5,6
Beige,S,9,10
Beige,SE,11,12
Beige,SES,13,14
Red,S,17,18
Red,SE,19,20
Red,SES,21,22
Green,S,25,26
Green,SE,27,28
Green,SES,29,30
White,S,1,2
White,SE,3,4
White,SES,5,6
Beige,S,9,10
Beige,SE,11,12
Beige,SES,13,14
Beige,SEL,15,16
White,S,1,2
White,SE,3,4
White,SES,5,6
Beige,S,9,10
Beige,SE,11,12
Beige,SES,13,14
Beige,SEL,15,16
Red,S,17,18
Blue,SE,35,36
Beige,SEL,15,16
Green,SES,29,30
White,S,1,2
White,SE,3,4
White,SES,5,6
Beige,S,9,10
Beige,SE,11,12
Beige,SES,13,14
Beige,SEL,15,16
Red,S,17,18
Blue,SE,35,36
Beige,SEL,15,16
Green,SES,29,30
White,S,1,2
White,SE,3,4
White,SES,5,6
Beige,S,9,10
Beige,SE,11,12
Beige,SES,13,14
Beige,SEL,15,16
Red,S,17,18
Blue,SE,35,36
Beige,SEL,15,16
Green,SES,29,30
White,S,1,2
White,SE,3,4
White,SES,5,6
Beige,S,9,10
Beige,SE,11,12
Beige,SES,13,14
Beige,SEL,15,16
White,S,1,2
White,SE,3,4
White,SES,5,6
Beige,S,9,10
Beige,SE,11,12
Beige,SES,13,14
Beige,SEL,15,16
White,S,1,2
White,SE,3,4
White,SES,5,6
Beige,S,9,10
Beige,SE,11,12
Beige,SES,13,14
Red,S,17,18
Red,SE,19,20
Red,SES,21,22
Green,S,25,26
Green,SE,27,28
Green,SES,29,30
Blue,S,33,34
Blue,SE,35,36
Blue,SES,37,38
Black,S,41,42
Black,SE,43,44
Black,SES,45,46
White,S,1,2
White,SE,3,4
White,SES,5,6
Green,S,25,26
Green,SE,27,28
Green,SES,29,30
Blue,S,33,34
Blue,SE,35,36
Blue,SES,37,38
Black,S,41,42
Black,SE,43,44
Black,SES,45,46
White,S,1,2
White,SE,3,4
White,SES,5,6
Green,S,25,26
Green,SE,27,28
Green,SES,29,30
White,S,1,2
White,SE,3,4
White,SES,5,6
Beige,S,9,10
Beige,SE,11,12
Beige,SES,13,14
Red,S,17,18
Red,SE,19,20
Red,SES,21,22
Green,S,25,26
Green,SE,27,28
Green,SES,29,30
White,S,1,2
White,SE,3,4
White,SES,5,6
Beige,S,9,10
Beige,SE,11,12
Beige,SES,13,14
Beige,SEL,15,16
White,S,1,2
White,SE,3,4
White,SES,5,6
Beige,S,9,10
Beige,SE,11,12
Beige,SES,13,14
Red,S,17,18
Red,SE,19,20
Red,SES,21,22
Green,S,25,26
Green,SE,27,28
Green,SES,29,30
